{
    "model": "MamdamiFIS",
    "linguistic_variables": {
        "TV": {
            "low TV": [
                0.7,
                0.7,
                148.54999999999998
            ],
            "medium TV": [
                0.7,
                148.54999999999998,
                296.4
            ],
            "high TV": [
                148.54999999999998,
                296.4,
                296.4
            ]
        },
        "Radio": {
            "low Radio": [
                0.0,
                0.0,
                24.8
            ],
            "medium Radio": [
                0.0,
                24.8,
                49.6
            ],
            "high Radio": [
                24.8,
                49.6,
                49.6
            ]
        },
        "Newspaper": {
            "low Newspaper": [
                0.3,
                0.3,
                57.15
            ],
            "medium Newspaper": [
                0.3,
                57.15,
                114.0
            ],
            "high Newspaper": [
                57.15,
                114.0,
                114.0
            ]
        },
        "Sales": {
            "low Sales": [
                1.6,
                1.6,
                14.3
            ],
            "medium Sales": [
                1.6,
                14.3,
                27.0
            ],
            "high Sales": [
                14.3,
                27.0,
                27.0
            ]
        }
    },
    "rules": [
        [
            0,
            0,
            0
        ],
        [
            1,
            1,
            1
        ],
        [
            2,
            1,
            1
        ],
        [
            1,
            0,
            0
        ],
        [
            2,
            1,
            0
        ],
        [
            0,
            1,
            0
        ],
        [
            1,
            2,
            1
        ],
        [
            2,
            0,
            0
        ],
        [
            2,
            2,
            1
        ],
        [
            1,
            0,
            1
        ],
        [
            0,
            2,
            0
        ],
        [
            0,
            1,
            1
        ],
        [
            1,
            1,
            0
        ],
        [
            2,
            0,
            1
        ],
        [
            0,
            2,
            1
        ],
        [
            2,
            2,
            0
        ],
        [
            1,
            2,
            0
        ],
        [
            0,
            0,
            1
        ],
        [
            0,
            2,
            2
        ]
    ]
}